力标赞城,[浦口] 江浦街道台南路10号(花莲路和荣庄路交汇...,2居/ 3居 － 72~102平米,在售,15000元/㎡,普通住宅,(94条评论)
电建洺悦府,[栖霞] 迈尧路611号(迈尧路与恒竞路交汇处),3居/ 4居 － 105~130平米,在售,25800元/㎡,普通住宅,(52条评论)
大华锦绣时代,[浦口] 沿江街道浦洲路与南浦路交叉处,3居 － 88~108平米,在售,,普通住宅,(29条评论)
三金鑫宁府,[浦口] 江淼路与珠泉西路交汇处,3居/ 4居/ 5居 － 103~152平米,在售,19599元/㎡,普通住宅,(22条评论)
梁台煦府,[江宁] 湖熟街道润湖大道398号,2居/ 3居/ 4居/ 5居以上 － 130~316平米,在售,22018元/㎡,联排,(52条评论)
弘阳禹洲时光春晓,[江宁] 淳化街道东月桥路与雁冲路交汇处,3居/ 4居 － 83~108平米,在售,21380元/㎡,普通住宅,(19条评论)
中骏融信雍景台,[江宁] 信诚大道与建设路的交汇处,3居 － 100平米,在售,25600元/㎡,商住楼,(17条评论)
江山汇悦山府,[鼓楼] 燕江路201号,2居/ 3居/ 4居 － 79~139平米,在售,11062元/㎡,普通住宅,(24条评论)
瑞安翠湖山,[江宁] 牛首大道121号(绕城高速以南),3居/ 4居/ 5居 － 238~440平米,在售,23700元/㎡,别墅,(49条评论)
亚泰梧桐世家,[六合] 沿江工业开发区润富路666号(中山科技园...,2居/ 3居,在售,21697元/㎡,普通住宅,(148条评论)
明发香山郡,[浦口] 大马山路6号(沿山大道与财八路交叉口),3居/ 4居 － 114~128平米,在售,33500元/㎡,普通住宅,(108条评论)
南京九间堂,[江宁] 康厚街10号,5居以上 － 661~1282平米,在售,480万元/套,别墅,(44条评论)
嘉誉山,[栖霞] 兴贤路19号,2居/ 3居 － 86~141平米,在售,11508元/㎡,普通住宅,(73条评论)
明发阅山悦府,[浦口] 江浦街道花卉大道与海都东路交汇处,3居/ 4居 － 101~161平米,在售,25098元/㎡,普通住宅,(56条评论)
高淳雅居乐花园,[高淳] 双高路与双湖南路交汇处(高淳体育中心东...,2居/ 3居/ 4居/ 5居 － 90~125平米,在售,2200万元/套,普通住宅,(124条评论)
明发云庭,[浦口] 江浦街道胡桥路9号(七里路与浦马路交汇...,2居/ 3居/ 5居 － 89平米,在售,,普通住宅,(217条评论)
银亿东城,[江宁] 汤山街道麒麟镇麒东路777号,2居/ 3居/ 4居 － 144~165平米,在售,40000元/㎡,普通住宅,(330条评论)
电建中储泛悦城市广场,[鼓楼] 小市新村小区与幕府南路交汇处,3居/ 4居 － 104~155平米,在售,29500元/㎡,普通住宅,(66条评论)
新城璞樾和山,[栖霞] 现状道路与煤干石山、国有土地交汇处,2居/ 4居 － 37~274平米,在售,35900元/㎡,普通住宅,(19条评论)
融创玉兰公馆,[栖霞] 燕子矶街道燕江路(规划)与钟燕路(规划)...,3居/ 4居,在售,,普通住宅,(48条评论)
万科金域东方,[江宁] 淳化街道漆阁寺路与五号路交汇处,3居/ 4居 － 88~128平米,在售,29878元/㎡,普通住宅,(31条评论)
万科金域国际,[江宁] 东山街道上元大街与天印大道交汇处,2居/ 3居 － 90~145平米,在售,50000元/㎡,普通住宅,(39条评论)
金地都会艺境,滁州市来安县汊河新区104国道与纬七路交...,2居/ 3居,在售,,普通住宅,(9条评论)
明发财富中心,[浦口] 浦口大道6号(临近东方万汇城),1居/ 2居/ 3居 － 38~77平米,在售,23889元/㎡,酒店写字楼,(12条评论)
绿城桃花源,[江宁] 省道122与县道302交汇处(宁杭公路北侧 ...,5居/ 5居以上,待售,25500元/㎡,别墅,(33条评论)
高淳碧桂园,[高淳] 淳溪镇石臼湖北路76号(芜太路与石臼湖北...,2居/ 3居/ 5居,待售,11000元/㎡,普通住宅,(185条评论)
龙湖春江郦城,[江宁] 新亭路与竹山路交汇处,3居/ 4居/ 5居 － 115平米,待售,17000元/㎡,普通住宅,(119条评论)
融侨悦城,[江宁] 东山街道万安南路9号,3居/ 4居,待售,价格待定,普通住宅,(27条评论)
中海桃源里,[鼓楼] 姜家圩路与淮滨路交汇处,1居/ 2居/ 3居/ 4居 － 66~93平米,待售,价格待定,商住楼,(22条评论)
万科大都会,[雨花] 双龙大道与规划道路交汇处,2居/ 3居,待售,价格待定,普通住宅,(16条评论)
绿城深蓝,[江宁] 宏运大道1468号,3居/ 4居 － 136~143平米,待售,价格待定,商住楼,(22条评论)
龙湖紫都城,[鼓楼] 建宁路与金贸大街交汇处,1居/ 2居 － 75平米,在售,价格待定,购物中心,(1条评论)
汉中公馆,[秦淮] 汉西门大街与汉中路交汇处,1居/ 2居 － 42~76平米,在售,价格待定,酒店式公寓,(10条评论)
龙湖北宸星座,[浦口] 高新区星火路与文景路交汇处,2居 － 35~50平米,在售,价格待定,酒店式公寓,(2条评论)
富力星光里,[雨花] 板桥新城新湖大道与华兴路交汇处,1居 － 37平米,在售,16500元/㎡,酒店式公寓,(5条评论)
武夷绿洲,[江宁] 秣陵街道天元中路99号(天元中路与秦淮河...,2居/ 3居/ 4居/ 5居以上 － 309~460平米,在售,,独栋,(85条评论)
北外滩水城,[浦口] 浦珠北路北外滩1号(柳洲东路198号),2居/ 3居 － 89~123平米,在售,42000元/㎡,普通住宅,(588条评论)
雍福龙庭,[江宁] 将军大道129号,2居/ 3居/ 4居/ 5居以上,在售,20599元/㎡,普通住宅,(151条评论)
大华锦绣华城,[浦口] 南京市浦口区南浦路与民兵路交汇处,1居/ 2居/ 3居/ 4居 － 221~274平米,在售,23170元/㎡,普通住宅,(336条评论)
明月天珑湾,[江宁] 竹山南路688号(竹山路与诚信大道交汇处...,2居/ 3居/ 4居/ 5居/ 5居以上 － 164~251平米,在售,,别墅,(321条评论)
山河水,[浦口] 汤泉镇假日路8号(宁合高速汤泉镇出口),5居 － 488平米,在售,24634元/㎡,别墅,(72条评论)
山水云房,[浦口] 浦珠北路122号(澳林广场西侧),2居/ 3居/ 4居/ 5居 － 77~150平米,在售,25000元/㎡,普通住宅,(150条评论)
万科安品园舍,[秦淮] 仓家巷与七家湾交汇处,2居 － 420平米,在售,,普通住宅,(77条评论)
滟紫台,[江宁] 将军大道韩府路18号(翠屏国际城北侧),3居/ 4居 － 294平米,在售,1000万元/套,普通住宅,(153条评论)
恒盛金陵湾,[鼓楼] 郑和南路8号,1居/ 2居/ 3居/ 4居/ 5居,在售,22000元/㎡,普通住宅,(431条评论)
龙海骏景,[六合] 冶浦路99号(八百河与峨眉路交界处),2居/ 3居 － 120~149平米,在售,57680元/㎡,普通住宅,(135条评论)
金陵凤栖园,[秦淮] 公园路159号(瑞金路金润发斜对面),2居/ 3居/ 5居 － 132~184平米,在售,35000元/㎡,商住楼,(97条评论)
九龙湖别墅,[江宁] 清水亭西路188号(纺织工业园内),3居/ 4居/ 5居/ 5居以上 － 310~350平米,在售,37499元/㎡,别墅,(64条评论)
融侨观邸,[浦口] 江浦街道海院路88号,2居/ 3居/ 4居/ 5居 － 106~142平米,在售,11295元/㎡,联排,(218条评论)
明发珍珠泉9号,[浦口] 珍珠街178-1号(珍珠泉风景区内),3居/ 4居/ 5居/ 5居以上 － 277~478平米,在售,36000元/㎡,别墅,(100条评论)
浦泰和天下,[浦口] 江山路9号(江山路北侧 海德北岸对面),2居/ 3居 － 99~115平米,在售,24500元/㎡,普通住宅,(113条评论)
牧龙原墅,[江宁] 滨溪大道1000号,4居/ 5居/ 5居以上 － 506~550平米,在售,25500元/㎡,别墅,(106条评论)
江岸景城,[浦口] 乌江故居路8号,2居/ 3居,在售,1100万元/套,普通住宅,(137条评论)
金浦御龙湾,[栖霞] 和燕路390号(迈尧路与和燕路交汇处),2居/ 3居/ 4居/ 5居以上,在售,20988元/㎡,普通住宅,(76条评论)
恒辉假日广场,[浦口] 珍珠南路1号(明发新城中心对面),2居/ 3居/ 4居/ 5居 － 124~290平米,在售,26000元/㎡,普通住宅,(150条评论)
万达茂,[栖霞] 仙林大道与守敬路交汇处,1居/ 2居/ 3居/ 4居 － 51平米,在售,,普通住宅,(124条评论)
金浦紫御东方,[栖霞] 经五路与太新路交汇处,3居/ 4居 － 78~126平米,在售,13800元/㎡,普通住宅,(69条评论)
中航樾公馆,[江宁] 泉东路58号,3居/ 4居,在售,28979元/㎡,普通住宅,(50条评论)
银城君颐东方,[栖霞] 马群街169号(宁杭高速与规划道路交汇处...,2居/ 3居/ 4居 － 85~170平米,在售,50000元/㎡,普通住宅,(30条评论)
弘阳时光里,[浦口] 高新区蓝海路与高新北路交汇处(南京大学...,1居/ 2居/ 3居/ 4居 － 28平米,在售,,商住楼,(131条评论)
中冶盛世滨江,[鼓楼] 宝塔桥西街155号(金川河西路与城河北路...,2居/ 3居/ 4居,在售,41000元/㎡,商住楼,(45条评论)
中粮悦天地,[江宁] 高新园区鹏山路与知行路交汇处,1居/ 2居/ 3居/ 4居 － 38~45平米,在售,14000元/㎡,商住楼,(44条评论)
明发江湾新城,安徽省马鞍山市宁乌公路与盘乌线交汇处,2居/ 3居/ 4居 － 86~123平米,在售,,普通住宅,(49条评论)
弘阳春上西江,[雨花] 经济开发区凤锦路与解放军国际关系学院...,3居/ 4居,在售,40000元/㎡,普通住宅,(26条评论)
碧桂园世纪城邦,句容市204县道和243省道交汇处(东郊奥特...,2居/ 3居/ 4居/ 5居以上 － 99~265平米,在售,20000元/㎡,普通住宅,(35条评论)
蓝天星港,[江宁] 来凤路与信诚大道交汇处,2居/ 3居/ 4居 － 85~121平米,在售,8200元/㎡,普通住宅,(23条评论)
新城璞樾钟山,[栖霞] 奔马路与石狮路交汇处,1居/ 3居/ 4居/ 5居 － 45~258平米,在售,22000元/㎡,叠拼,(23条评论)
中建国熙台,[浦口] 新浦路与康安路交汇处,3居/ 4居/ 5居,在售,9500元/㎡,普通住宅,(29条评论)
荣盛华府,[六合] 雄州东路与白果南路交汇处,3居/ 4居/ 5居/ 5居以上,在售,17000元/㎡,普通住宅,(37条评论)
世茂城品,[雨花] 安德门大街与宁双路交汇处,3居/ 4居 － 143平米,在售,40000元/㎡,普通住宅,(42条评论)
路易庄园,[浦口] 雨山路89号(南京审计学院南门),3居/ 5居 － 105~378平米,在售,30000元/㎡,别墅,(15条评论)
恒大龙珺,[江宁] 三阳路与河清路交汇处(仙林大道至南大仙...,2居/ 3居/ 4居,在售,32000元/㎡,普通住宅,(38条评论)
鲁能泰山7号院,[江宁] 科学园格致路与弘景大道交汇处(方山国家...,3居/ 4居 － 155~185平米,在售,200万元/套,叠拼,(32条评论)
碧桂园湖光山色,[江宁] 谷里街道悦湖路16号,4居/ 5居/ 5居以上 － 283~672平米,在售,26000元/㎡,别墅,(21条评论)
恒大滨江,[鼓楼] 中山北路与江边路交汇处(中山码头对面),1居/ 2居/ 3居 － 48平米,在售,29000元/㎡,普通住宅,(49条评论)
瑞景叶泊蓝山,[江宁] 丹阳大道110号(开发区宁丹路与正方大道...,4居/ 5居 － 310~392平米,在售,,别墅,(105条评论)
中垠紫金观邸,[栖霞] 马群环陵路99号(马群综合换乘中心),1居/ 3居/ 4居 － 58平米,在售,22000元/㎡,商住楼,(75条评论)
雅居乐滨江国际,[浦口] 江浦街道天浦路99号 (镇南河路与临江路...,3居/ 4居/ 5居/ 5居以上 － 108~680平米,在售,22000元/㎡,普通住宅,(155条评论)
苏宁钟山朝阳府,[玄武] 玄武大道与太龙路交汇处,3居/ 4居/ 5居/ 5居以上 － 146~240平米,在售,27800元/㎡,别墅,(113条评论)
碧桂园凤凰城,句容市黄龙路与汤山s122出口交汇处(122...,1居/ 2居/ 3居/ 4居/ 5居/ 5居以上 － 94~133平米,在售,,普通住宅,(261条评论)
碧桂园欧洲城,安徽省滁州市南谯区滁宁快速通道南侧(s...,2居/ 3居/ 4居/ 5居 － 118平米,在售,36000元/㎡,普通住宅,(75条评论)
金融世家,淮南 [山南新区] 南纬五路淮河大道东南侧紧邻中央公园、...,2居/ 3居/ 4居,在售,12500元/㎡,普通住宅,(8条评论)
湖滨一品苑,[高淳] 淳溪镇淳南路117号(高淳电信大楼南门),3居/ 4居/ 5居 － 430平米,在售,,普通住宅,(74条评论)
通宇林景尊园,[浦口] 新浦路与康盛路交汇处,2居/ 3居 － 89~119平米,在售,8000元/㎡,普通住宅,(32条评论)
观山悦,[浦口] 顶山街道定向河路与浦珠路交汇处,2居/ 3居/ 5居以上 － 87~285平米,在售,4800元/㎡,普通住宅,(56条评论)
南京海峡城,[建邺] 扬子江大道399号(扬子江大道与淮河路交...,1居/ 2居/ 3居/ 4居 － 50平米,在售,8800元/㎡,普通住宅,(425条评论)
恒大雅苑,句容市宝华镇仙林东路18号,1居/ 2居/ 3居/ 4居/ 5居 － 64~99平米,在售,27300元/㎡,普通住宅,(161条评论)
翠屏诚园,[江宁] 双龙大道3000号,2居/ 3居/ 4居 － 113平米,在售,25048元/㎡,普通住宅,(163条评论)
金陵雅颂居,[秦淮] 大光路67号(大光路与酒精厂路交汇处),3居/ 4居 － 213平米,在售,30000元/㎡,普通住宅,(75条评论)
京东紫晶,句容市仙林东路58号(仙林大道与宝华大道...,1居/ 2居/ 3居/ 4居 － 69~114平米,在售,7800元/㎡,商住楼,(133条评论)
泰达青筑,句容市宝华镇宝华大道66号(宝华大道与仙...,1居/ 3居/ 4居 － 20~30平米,在售,27000元/㎡,普通住宅,(86条评论)
中粮鸿云,[江宁] 东山街道丰泽路118号,2居/ 3居/ 4居,在售,47000元/㎡,普通住宅,(331条评论)
正荣润江城,[浦口] 望江路2号(河西路和镇南河路交汇处),2居/ 3居/ 4居,在售,10000元/㎡,普通住宅,(288条评论)
福源名居,[高淳] 淳溪镇濑渚路2号(水厂路与湖滨大道交接...,2居/ 3居/ 4居,在售,11500元/㎡,普通住宅,(44条评论)
保利堂悦翡翠公馆,[秦淮] 卡子门大街与汇景北路交汇处(麦德龙正东...,2居/ 3居/ 4居 － 45平米,在售,31000元/㎡,商住楼,(137条评论)
碧桂园翡翠华府,句容市仙林大道与宝四路交汇处(向北200...,3居/ 4居/ 5居/ 5居以上 － 275平米,在售,,普通住宅,(57条评论)
碧桂园大学印象,句容市仙林大道与宝华大道交汇处,3居/ 4居/ 5居/ 5居以上 － 138~140平米,在售,16800元/㎡,普通住宅,(32条评论)
远洋心里,仙林大道与鸿堰南路交汇处,3居 － 88~111平米,在售,16000元/㎡,普通住宅,(35条评论)
嘉恒有山,[六合] 金牛湖街道青龙市场东侧,3居/ 4居 － 136~191平米,在售,13000元/㎡,普通住宅,(41条评论)
碧桂园伯爵山,句容市仙林大道与玉兰路交汇处,3居/ 4居 － 140平米,在售,,普通住宅,(26条评论)
濠锋星钻,句容市宝华镇仙林东路15号,2居/ 3居 － 82~90平米,在售,9498元/㎡,普通住宅,(32条评论)
绿地理想城,[江宁] 机场高速路与正方大道交汇处,1居/ 2居 － 38~55平米,在售,16000元/㎡,商住楼,(20条评论)
富力乌衣水镇,滁州市南谯区乌衣镇洪武路与康泰路交汇...,2居/ 3居/ 4居 － 90~125平米,在售,,普通住宅,(20条评论)
弘阳燕澜七缙,[浦口] 宁六路与新沿路交汇处,1居/ 2居/ 3居 － 57平米,在售,15000元/㎡,商住楼,(20条评论)
万景佳苑,[溧水] 经济开发区红光路(喜之郎南门往西200米...,2居/ 3居,在售,18000元/㎡,普通住宅,(14条评论)
仙林印象,宝华大道与射乌桥路交汇处,2居/ 3居/ 4居/ 5居 － 72~136平米,在售,6400元/㎡,普通住宅,(12条评论)
东骏悦府,[六合] 龙池街道莉湖西路31号,1居/ 2居/ 3居 － 54~86平米,在售,17000元/㎡,普通住宅,(26条评论)
恒大江北帝景,滁州市南谯区乌衣镇大同路与滁阳路交汇...,3居/ 4居 － 110~139平米,在售,20000元/㎡,普通住宅,(20条评论)
新江北孔雀城,安徽滁州来安产业新城104国道与汊河大桥...,2居/ 3居/ 4居 － 90~146平米,在售,14500元/㎡,联排,(42条评论)
明发明博小镇,马鞍山博望新区博望大道88号,2居/ 3居/ 4居 － 99~140平米,在售,10000元/㎡,普通住宅,(19条评论)
融创日月湾,海南省万宁市万安大道73号,2居/ 3居 － 66~153平米,在售,6814元/㎡,普通住宅,(16条评论)
融创博鳌金湾,海南省琼海市博鳌滨海大道8号,1居/ 2居 － 58~101平米,在售,6500元/㎡,独栋,(15条评论)
碧桂园晚亭印象,滁州市南谯区滁阳路与双迎路交汇处(宁滁...,3居/ 4居 － 109~145平米,在售,6700元/㎡,普通住宅,(12条评论)
碧桂园奥能罗马世纪城,滁州市全椒县丰乐大道与京沪大道交汇处,1居/ 2居/ 3居/ 4居/ 5居以上 － 118~195平米,在售,25000元/㎡,普通住宅,(15条评论)
帝景天誉,[江宁] 双龙大道3000号,4居/ 5居 － 285~325平米,在售,20000元/㎡,别墅,(15条评论)
碧桂园S6江南世家,句容市s122省道与石狮路交汇处,3居/ 4居 － 95~196平米,在售,,普通住宅,(12条评论)
弘阳山卿,句容市宝华镇宝华山南麓,2居/ 3居 － 120~130平米,在售,11000元/㎡,别墅,(12条评论)
东原亲山,句容市宝华山国家森林公园南门,东原亲山有房源销售,在售,25000元/㎡,别墅,(15条评论)
证大阅公馆,[鼓楼] 建宁路与热河路交汇处(大观天地mall对面...,2居/ 3居 － 77~113平米,在售,19000元/㎡,商住楼,(24条评论)
万博桃源亲水湾,扬州市仪征市泗大线与站前路交汇处,4居/ 5居/ 5居以上 － 242~269平米,在售,,别墅,(10条评论)
通宇林景象山墅院,[浦口] 珠江镇江浦街道白马路89号,5居以上 － 423~724平米,在售,34422元/㎡,别墅,(13条评论)
明发北站新城,滁州市来安县汊河104国道与长江路交汇处,3居/ 4居 － 85~108平米,在售,8000元/㎡,普通住宅,(15条评论)
茅山半岛,句容市茅山大道15公里处茅山湖东侧,3居 － 138~208平米,在售,,别墅,(13条评论)
仙林首望城,句容市宝华镇仙林东路3号,3居 － 88~100平米,在售,38000元/㎡,普通住宅,(9条评论)
中骏四季阳光,句容经济开发区华阳西路与兴源路交汇处,中骏四季阳光在售4#和6#,在售,10300元/㎡,普通住宅,(11条评论)
融创中南御园,[高淳] 淳溪镇水阳江路99号,3居/ 4居 － 118平米,在售,22000元/㎡,联排,(15条评论)
恒大华府,[雨花] 软件大道和现状道路交汇处(软件大道西首...,4居/ 5居,待售,14600元/㎡,普通住宅,(114条评论)
玄武湖金茂广场,[鼓楼] 中央路201号(玄武饭店北侧),1居/ 2居/ 4居/ 5居,待售,10700元/㎡,普通住宅,(122条评论)
世茂外滩新城,[鼓楼] 南通路99号(郑和中路与南通路交汇处),2居/ 3居/ 4居/ 5居 － 110~217平米,待售,11000元/㎡,普通住宅,(415条评论)
翠屏城,[江宁] 天禄大道1号,2居/ 3居/ 4居 － 86~117平米,待售,价格待定,普通住宅,(289条评论)
世纪天城,[溧水] 经济开发区团山路1号,3居/ 5居/ 5居以上,待售,价格待定,别墅,(73条评论)
协众水岸风华,[江宁] 秣陵街道龙眠大道618号(地铁南京交院站...,1居/ 2居/ 3居,待售,价格待定,商住楼,(90条评论)
宏图上水云锦,[建邺] 云锦路与怡康路交汇处(兴隆大街地铁站旁...,3居/ 4居 － 126~143平米,待售,价格待定,普通住宅,(146条评论)
华洲青林湾,[溧水] 天生桥大道218号,2居/ 5居,待售,价格待定,别墅,(98条评论)
伴山香槟园,[江宁] 格致路9号(诚信大道与弘景大道交汇处),3居/ 4居/ 5居,待售,价格待定,别墅,(54条评论)
四季金辉,句容市仙林东路19号(仙林大道与和平路交...,2居/ 3居/ 4居 － 74~107平米,待售,,普通住宅,(252条评论)
景枫你山,[江宁] 弘景大道3888号,3居/ 5居 － 88~367平米,待售,价格待定,别墅,(144条评论)
南京华润国际社区,[浦口] 广西埂大街100号(浦口新城中央大道与丰...,3居/ 4居,待售,价格待定,普通住宅,(192条评论)
五矿晏山居,[玄武] 钟灵街50号(国有空地与江苏省农业科学院...,2居/ 3居/ 4居,待售,价格待定,普通住宅,(123条评论)
银城东岳府,[秦淮] 海福巷71号(光华路与海福巷交汇处),3居/ 4居,待售,,普通住宅,(90条评论)
禹洲吉庆里,[雨花] 凤台南路与怡康街交汇处,3居/ 4居,待售,价格待定,普通住宅,(68条评论)
旭辉银城白马澜山,[浦口] 白马路与狮山路交汇处,3居/ 4居,待售,价格待定,普通住宅,(70条评论)
万悦城,[高淳] 开发区古檀大道与九龙山路交汇处,1居/ 2居/ 3居/ 4居,待售,,普通住宅,(78条评论)
奥克斯钟山府,[玄武] 文枢西路与燕西路交汇处(亚东城二期西面...,3居/ 4居/ 5居以上,待售,价格待定,普通住宅,(152条评论)
荣盛花语城,[六合] 龙池街道林场路1号,2居/ 3居,待售,价格待定,普通住宅,(104条评论)
和昌湾景,[雨花] 板桥新城新湖大道与华兴大街交叉口,2居/ 3居,待售,15000元/㎡,普通住宅,(50条评论)
海玥名都,[建邺] 月安街11号,2居/ 3居/ 4居 － 140~240平米,待售,价格待定,普通住宅,(65条评论)
中航樾广场,[江宁] 龙眠大道与丽泽路交汇处,3居/ 4居 － 98~135平米,待售,价格待定,普通住宅,(45条评论)
亚泰山语湖,[浦口] 高新区永新路与蓝海路交汇处,3居/ 4居 － 120平米,待售,价格待定,普通住宅,(54条评论)
紫晶未来城,[六合] 雄州西路和龙津南路交汇处,3居/ 4居,待售,价格待定,普通住宅,(39条评论)
世茂梦享家,[江宁] 淳化街道瑞文路199号,3居/ 4居 － 90平米,待售,价格待定,普通住宅,(111条评论)
亚东同城逸境,[溧水] 经济开发区秦淮大道168号(秦淮大道与机...,2居/ 3居 － 105~126平米,待售,价格待定,普通住宅,(28条评论)
中交锦蘭荟,[浦口] 江浦街道环城西路与华山路交汇处,2居/ 3居/ 4居 － 81~116平米,待售,价格待定,普通住宅,(42条评论)
喜之郎丽湖湾,[溧水] 开发区珍珠北路88号(珍珠北路和机场路交...,2居/ 3居/ 4居,待售,价格待定,普通住宅,(27条评论)
中山首府,[溧水] 崇文路68号(体育公园南300米),1居/ 2居/ 3居/ 4居,待售,价格待定,普通住宅,(17条评论)
华新城璟园,[建邺] 巴山路33号,2居/ 3居/ 4居,待售,,普通住宅,(37条评论)
福基九龙新城,[六合] 大厂凤滨路18号(九龙公园对面),2居/ 3居 － 87~138平米,待售,价格待定,普通住宅,(48条评论)
冠城大通蓝郡,[六合] 龙池街道雄州南路333号(六合汽车站南侧...,2居/ 3居/ 4居,待售,价格待定,普通住宅,(293条评论)
金轮津桥华府,[江宁] 龙眠大道修文路3号,2居/ 3居/ 4居 － 88平米,待售,价格待定,普通住宅,(140条评论)
阳光帝景,[浦口] 顶山街道吉庆路6号,2居/ 3居,待售,,普通住宅,(146条评论)
高科荣境,[栖霞] 守敬路313号(仙林大道与经天路交汇处),2居/ 3居/ 4居/ 5居/ 5居以上,待售,价格待定,普通住宅,(145条评论)
龙湖春江紫宸,[鼓楼] 江边路1号(建宁路与江边路交汇处 ),2居/ 3居/ 4居,待售,价格待定,商住楼,(163条评论)
中航金城1号,[秦淮] 中山东路518号(龙蟠中路与瑞金路交汇处...,3居/ 4居 － 141平米,待售,,普通住宅,(105条评论)
石林中心城,[六合] 雄州街道王桥路99号,2居/ 3居/ 4居,待售,价格待定,普通住宅,(149条评论)
景湖名都,[高淳] 固城镇育才西路91号(宁宣公路东侧),2居/ 3居,待售,价格待定,普通住宅,(110条评论)
双富嘉园,[高淳] 漆桥镇双牌石大街288号(紧邻漆桥镇政府...,2居/ 3居,待售,价格待定,普通住宅,(84条评论)
康利华府,[溧水] 志远路68号(致远路以西、陈沛桥以东),2居/ 3居 － 94~120平米,待售,价格待定,普通住宅,(89条评论)
五矿九玺台,[江宁] 丽泽路599号(科学园弘景大道以南),3居/ 4居/ 5居,待售,价格待定,联排,(80条评论)
国信龙沐湾,三亚 [乐东] 黎族自治县佛罗镇龙沐湾国际旅游度假区,1居/ 2居,待售,价格待定,别墅,(56条评论)
碧景山庄,[六合] 大厂街道丁家山路2号,2居/ 3居,待售,价格待定,普通住宅,(155条评论)
创维乐活城,[溧水] 宝塔北路与团山西路交汇处(溧水实验学校...,2居/ 3居 － 91~123平米,待售,价格待定,普通住宅,(144条评论)
溧都桂苑,[溧水] 金牛北路666号,4居,待售,价格待定,别墅,(40条评论)
东方曼园,[高淳] 淳溪镇慢城大道68号(高淳新体育中心北侧...,2居/ 3居,待售,价格待定,普通住宅,(78条评论)
启迪方洲,[江宁] 麒麟街道智汇路186号(启迪大街与沧麟东...,2居/ 3居/ 4居,待售,价格待定,普通住宅,(333条评论)
东骏华府,[六合] 横梁街道瑞成路9号,2居/ 3居,待售,价格待定,普通住宅,(134条评论)
恒建金陵美域,[江宁] 湖熟街道灵顺北路211号,2居/ 3居 － 74~110平米,待售,,普通住宅,(58条评论)
福晟庭院,[溧水] 洪蓝镇金牛北路369号(无想山森林公园西...,3居/ 4居/ 5居/ 5居以上 － 302平米,待售,价格待定,普通住宅,(48条评论)
骋望七里楠花园,[六合] 龙池街道龙华路66号(六合经济开发区时代...,2居/ 3居/ 4居/ 5居以上 － 231平米,在售,价格待定,普通住宅,(227条评论)
武夷名仕园,[江宁] 大学城方山南平和路8号(弘景大道和学十...,2居/ 3居/ 4居 － 139平米,待售,11000元/㎡,普通住宅,(48条评论)
金牛湖度假中心,[六合] 金牛湖街道金牛湖社区88号,1居/ 2居,待售,,商住楼,(91条评论)
保利中央公园,[江宁] 双龙大道和兰台街交汇处,1居/ 2居/ 3居,待售,价格待定,普通住宅,(309条评论)
通宇林景熙园,[浦口] 江浦街道七里路与沿山大道交汇处,3居,待售,价格待定,普通住宅,(29条评论)
新城玖珑湖,[江宁] 秣陵街道长亭街55号(九龙湖东侧),2居/ 3居/ 4居,待售,,普通住宅,(260条评论)
佳兆业城市广场,[建邺] 河西南部南外与太清路交汇处,3居/ 4居/ 5居 － 87~141平米,待售,价格待定,普通住宅,(76条评论)
艾菲国际,[浦口] 高新区丽景路与惠达路交汇处(地铁3号线...,1居/ 2居/ 3居/ 4居,待售,价格待定,普通住宅,(220条评论)
创源无想墅,[溧水] 永阳镇珍珠南路199号,3居/ 4居,待售,价格待定,别墅,(69条评论)
荣鼎幸福城,[六合] 方州路199号,2居/ 3居 － 85~118平米,待售,价格待定,普通住宅,(143条评论)
LAVITA长江会,[玄武] 长江路100号,1居/ 2居 － 56~141平米,待售,价格待定,商住楼,(174条评论)
升龙天汇,[建邺] 河西南部新梗街与新河路交汇处,2居/ 3居/ 4居,待售,价格待定,普通住宅,(143条评论)
中国铁建青秀城,[栖霞] 迈尧路327号(迈尧路与经五路交汇处),2居/ 3居/ 4居,待售,价格待定,普通住宅,(389条评论)
钟山颐府,[玄武] 中山东路301号,2居/ 3居/ 4居,待售,价格待定,商住楼,(75条评论)
中宏万家广场,[高淳] 淳溪镇北漪路129号(芜太路与北漪路交汇...,2居/ 3居,待售,价格待定,商住楼,(73条评论)
仁恒绿洲新岛,[建邺] 葡园路与中新大道交汇处(地铁10号线江心...,2居/ 3居/ 4居,待售,价格待定,普通住宅,(161条评论)
金山府,[溧水] 东屏镇金山路95号,5居以上,待售,价格待定,别墅,(47条评论)
隆豪翡翠星城,[高淳] 淳溪镇宝塔路350号(淳辉中学斜对面),1居/ 2居/ 3居/ 4居/ 5居,待售,价格待定,别墅,(58条评论)
弘阳时代中心,[浦口] 柳州路与大桥北路交汇处(弘阳地产销售中...,1居/ 2居 － 25平米,在售,,LOFT,(17条评论)
浦潮创立方,[浦口] 江北新区南京软件园(西区)江城大道与行...,1居/ 2居 － 66~114平米,在售,15000元/㎡,标准写字楼,(9条评论)
扬子科创总部基地,[浦口] 浦东北路5号,扬子科创总部基地项目北接高新区浦新路,在售,7000元/㎡,标准写字楼,(8条评论)
毅达汇创中心,[浦口] 总部大道与宁合高速公路交汇处,1居 － 35平米,在售,10500元/㎡,LOFT,(4条评论)
绿地云尚,[雨花] 软件大道与玉兰路交汇处,1居 － 43~55平米,在售,,酒店式公寓,(6条评论)
云树公馆,[雨花] 丁墙路与明城大道交汇处,1居/ 2居/ 3居/ 4居 － 32~70平米,在售,25000元/㎡,标准写字楼,(15条评论)
招商1872,[栖霞] 经五路与栖霞大道交汇处,招商1872在售挑高和平层公寓房源,在售,23000元/㎡,标准写字楼,(5条评论)
银城KinmaQ+社区,[栖霞] 石狮路与金马路交汇处(地铁2、4号线金马...,1居/ 2居 － 38~45平米,在售,,标准写字楼,(7条评论)
南京龙湖新壹城,[江宁] 龙眠大道与格致路交汇处,2居/ 3居 － 40平米,在售,25000元/㎡,LOFT,(17条评论)
建发紫悦广场,[雨花] 安德门大街与软件大道交汇处,1居 － 37~43平米,在售,19000元/㎡,酒店式公寓,(4条评论)
百家湖艺术公馆,[江宁] 天元西路与通淮街交汇处,百家湖艺术公馆目前在售少量房源,在售,27000元/㎡,酒店式公寓,(6条评论)
金地中心菁华,[建邺] 江东南路与龙王大街交汇处,1居/ 2居 － 32~56平米,在售,22454元/㎡,酒店写字楼,(2条评论)
润和创智中心,[雨花] 软件大道168号,润和创智中心临近天隆寺地铁站 无房源在售,待售,21000元/㎡,标准写字楼,(21条评论)
万科星荟,[雨花] 金阳东街18号,2居,待售,23000元/㎡,酒店式公寓,(12条评论)
绿城玫瑰园,[浦口] 珍珠泉旅游度假区绿园路88号(紧邻珍珠泉...,3居/ 5居以上,在售,30000元/㎡,别墅,(189条评论)
盘金华府,[六合] 大厂新华西路458号(新华路西侧),2居/ 3居,在售,价格待定,普通住宅,(147条评论)
鸿信云深处,[江宁] 东山街道神凤路1169号(上坊天云湖横山水...,5居 － 539~550平米,在售,价格待定,别墅,(49条评论)
碧桂园如山湖城,安徽省马鞍山市和县石杨镇如山湖西侧(宁...,1居/ 2居/ 3居/ 4居/ 5居/ 5居以上 － 68~255平米,在售,12800万元/套,别墅,(164条评论)
东方熙龙山院,[浦口] 珠江镇白马路90号,3居/ 4居,在售,16000元/㎡,别墅,(134条评论)
雅居乐长乐渡,[秦淮] 剪子巷35号(马道街与秦淮河交汇处),5居以上,在售,30000元/㎡,别墅,(122条评论)
中南锦苑,[雨花] 软件大道与国有空地交汇处,1居/ 3居 － 35~53平米,待售,,普通住宅,(35条评论)
弘阳燕江府,[栖霞] 太新路与嵩山路交汇处,4居,待售,价格待定,普通住宅,(34条评论)
中锐星湖名邸,[江宁] 天元路与牧浦街交汇处,3居/ 4居,待售,价格待定,普通住宅,(27条评论)
证大大拇指广场,[鼓楼] 建宁路与热河路交汇处(大观天地mall对面...,1居/ 2居/ 3居,待售,价格待定,商住楼,(44条评论)
保利天悦,[建邺] 应天大街与乐山路交汇处,4居/ 5居 － 150~180平米,待售,,普通住宅,(18条评论)
南京碧桂园,[江宁] 庆兴路8号(牛首大道与庆兴路交汇处),3居/ 4居/ 5居以上,待售,价格待定,联排,(172条评论)
绿地华侨城海珀滨江,[建邺] 龙王大街与扬子江大道交汇处,3居/ 4居 － 133~200平米,待售,价格待定,普通住宅,(20条评论)
京奥港未来墅,[江宁] 智慧路与南湾营路交汇处,2居/ 3居 － 131~142平米,待售,,普通住宅,(20条评论)
恒大悦澜湾,[江宁] 嘉业路与紫金三路交汇处,2居/ 3居/ 4居,待售,价格待定,普通住宅,(37条评论)
海伦国际,[溧水] 中大街81号,2居/ 3居/ 4居 － 154~316平米,待售,价格待定,商住楼,(29条评论)
荣盛首府,[六合] 胡姚线与园西路交界处,3居/ 4居/ 5居,待售,价格待定,普通住宅,(13条评论)
金科观天下,句容市宝华镇宝华大道6号,4居 － 123~139平米,待售,价格待定,别墅,(11条评论)
明发外滩中心,[浦口] 长江大桥北堡公园滨江大道1号,5居以上,在售,21000元/㎡,购物中心,(47条评论)
乐基广场,[建邺] 云锦路与所街交汇处,2居/ 3居/ 4居 － 58~70平米,在售,价格待定,市场类商铺,(29条评论)
雨花客厅,[雨花] 软件大道109号(安德门大街与软件大道交...,1居 － 33~48平米,在售,价格待定,商住楼,(41条评论)
东方万汇城,[浦口] 江浦街道浦口大道9号,1居/ 2居 － 33~67平米,在售,16000元/㎡,住宅底商,(193条评论)
南京常发广场,[玄武] 红山路88号(红山路与红山南路交汇处),1居,在售,39500元/㎡,购物中心,(63条评论)
涵碧楼,[建邺] 汉中门大街与扬子江大道交汇处,涵碧楼在售酒店式公寓和写字楼,在售,20000元/㎡,购物中心,(98条评论)
绿国万象都荟,[秦淮] 永乐路洪家园1号(龙蟠路与永乐路交汇处...,2居 － 50平米,在售,14000元/㎡,购物中心,(66条评论)
绿地之窗,[雨花] 南京南站南广场(绿都大道与绕城公路交汇...,绿地之窗还有6.6米挑高的loft房源在售,在售,25000元/㎡,购物中心,(50条评论)
长发都市诸公,[雨花] 雨花南路5号(共青团路与雨花南路交汇处...,3居/ 4居 － 226平米,在售,,普通住宅,(82条评论)
星叶枫情水岸,[栖霞] 仙林大道与上泉村交汇处(仙林湖以西、仙...,2居/ 3居 － 83~108平米,在售,700万元/套,普通住宅,(129条评论)
金尧首府,[栖霞] 尧佳路8号(公安路与尧佳路交汇处),1居/ 2居/ 4居,在售,35000元/㎡,市场类商铺,(71条评论)
涟城,[建邺] 怡康街8号,3居/ 4居/ 5居以上,在售,25000元/㎡,普通住宅,(395条评论)
富力十号,[江宁] 麒麟科技创新园东麒路277号(双麒路北侧...,1居/ 2居/ 3居/ 4居/ 5居/ 5居以上 － 320~429平米,在售,,别墅,(86条评论)
星叶羊山湖花园,[栖霞] 仙境路18号(仙境路与羊山北路交汇处),3居/ 4居 － 126~165平米,在售,21000元/㎡,普通住宅,(112条评论)
银城蓝溪郡,[江宁] 秣陵街道创新东路2号,3居/ 4居/ 5居/ 5居以上,在售,19800元/㎡,普通住宅,(256条评论)
藏珑谷山庄,[溧水] 经济开发区乌夏路88号,4居/ 5居以上 － 318平米,在售,,别墅,(58条评论)
碧桂园中央公园,句容市华阳路与文昌东路交汇处(曙光国际...,碧桂园中央公园位于仙东板块 在售住宅,在售,689万元/套,普通住宅,(14条评论)
碧桂园S9紫金庄园,马鞍山市博望区两博路2143号,碧桂园S9紫金庄园二期地块总占地约132.14亩,在售,2600万元/套,普通住宅,(15条评论)
招商·依云尚城,句容市仙林大道与宝四路交汇处(经天路地...,3居 － 88平米,在售,12800元/㎡,普通住宅,(18条评论)
长江熙岸孔雀城,马鞍山桥林南乌江s105与茆庄路交汇处,3居,在售,12000元/㎡,商住楼,(26条评论)
和昌仙林国际,句容市仙林大道2号,3居 － 88~105平米,在售,7000元/㎡,普通住宅,(7条评论)
雅居乐山湖城项目,常州市金坛区茅山风景区访仙路与205县道...,3居/ 4居/ 5居 － 79~226平米,在售,13000元/㎡,别墅,(7条评论)
富力十号往来,[江宁] 南京市江宁区东麒路277号,4居/ 5居/ 5居以上 － 377~429平米,在售,7800元/㎡,别墅,(2条评论)
麒麟山庄公园境,[江宁] 汤山街道麒东路588号(麒东路与轿子山交...,2居/ 3居/ 4居,待售,14000元/㎡,普通住宅,(91条评论)
钟山国际高尔夫,[玄武] 环陵路7号,2居/ 5居以上,待售,14000元/㎡,别墅,(99条评论)
国信自然天城,[浦口] 江浦街道沿山东路188号(南京工业大学北...,3居/ 5居/ 5居以上,待售,19800元/㎡,别墅,(57条评论)
柏悦澜庭,[雨花] 小行里姜家营小行路52号,3居/ 4居/ 5居/ 5居以上,待售,价格待定,别墅,(65条评论)
森湖溪谷,[溧水] 傅家边现代农业园区内(傅加边梅花广场对...,5居/ 5居以上 － 197~252平米,待售,价格待定,别墅,(54条评论)
佛手湖森林庄园项目,[浦口] 珍七路1号(七珍线旁),佛手湖森林庄园项目具体上市时间待定,待售,,别墅,(64条评论)
骏景华庭,[江宁] 秣陵街道铺岗街28号(万科金域蓝湾南侧),2居/ 3居 － 92~136平米,待售,价格待定,普通住宅,(115条评论)
石林大公园,[雨花] 凤集大道6号(解放军国际关系学院北门正...,1居/ 2居/ 3居/ 4居/ 5居,待售,价格待定,普通住宅,(64条评论)
长江峰景,[鼓楼] 中山北路645号(江边路与中山北路交汇处...,2居/ 3居/ 4居,待售,价格待定,普通住宅,(99条评论)
国府大院,[江宁] 宁杭高速湖熟出口与汤铜路(s337省道)交...,4居,待售,,别墅,(60条评论)
大吉公元,[浦口] 汤泉镇银泉路88号,3居/ 4居,待售,价格待定,别墅,(108条评论)
景枫城市山谷项目,[江宁] 东山街道双龙湖1号,景枫城市山谷项目处在青龙山国际生态新城,待售,价格待定,别墅,(34条评论)
善水湾,[雨花] 西善桥街道梅兴路与龙淮路交汇处,2居/ 3居,待售,,普通住宅,(115条评论)
武夷凌云阁项目,[江宁] 宏运大道1818号,武夷凌云阁项目位于江宁区 即将首开,待售,价格待定,普通住宅,(24条评论)
复地御钟山,[栖霞] 马群街道2号(钟山东麓龙首与环陵路交汇...,3居/ 4居,待售,价格待定,普通住宅,(199条评论)
垠领城市街区,[高淳] 东坝镇振兴路180号、胥溪路9号(振兴路以...,2居/ 3居,待售,价格待定,普通住宅,(131条评论)
21世纪百家湖1号,[江宁] 双龙大道1539号(双龙大道与天元路交汇处...,2居/ 3居/ 4居/ 5居,待售,价格待定,普通住宅,(98条评论)
融创南京桃花源项目,[浦口] 佛手湖路珍七路9号(老山国家森林公园内...,3居 － 340~410平米,待售,价格待定,别墅,(58条评论)
美林墅,[玄武] 玄武大道88号(玄武大道与环陵路交汇处),5居/ 5居以上,待售,价格待定,别墅,(123条评论)
天生御景,[溧水] 洪蓝镇凤凰井路26号,2居/ 3居/ 4居/ 5居,待售,价格待定,别墅,(67条评论)
当代万国府ΜΟΜΛ项目,[鼓楼] 热河南路与淮滨路交汇处,当代万国府ΜΟΜΛ规划建小高层和商业,待售,价格待定,普通住宅,(61条评论)
君悦花园,[六合] 大厂街道浦六南路8号,2居/ 3居 － 89~145平米,待售,价格待定,普通住宅,(73条评论)
东屏湖9号,[溧水] 东屏镇金山路9号,4居/ 5居,待售,价格待定,别墅,(44条评论)
瑞厦G01地块,[鼓楼] 南京邮电大学与南瑞路交汇处(蔡家巷地块...,瑞厦G01地块正在规划建设中,待售,价格待定,普通住宅,(73条评论)
碧桂园仙林东郡,句容市宝华大道107号(仙林大道与汤龙路...,2居/ 3居/ 4居,待售,价格待定,普通住宅,(127条评论)
智汇老山项目,[浦口] 华山路和新竹路交汇处(江浦街道沿山大道...,智汇老山项目价格待定,待售,,别墅,(31条评论)
通宇林景紫园项目,[浦口] 顶山街道七里桥北路西2号,通宇林景紫园项目由通宇公司竞得,待售,价格待定,普通住宅,(43条评论)
升龙桃花园著项目,[建邺] 江心洲夹江大桥与葡园路交汇处,升龙桃花园著项目预计首开叠墅,待售,价格待定,普通住宅,(60条评论)
胜科星洲府项目,[建邺] 江心洲街道环岛路与文武街交汇处,4居 － 125~165平米,待售,价格待定,普通住宅,(20条评论)
爱涛天禧明庭项目,[溧水] 金蛙路88号(金龙南路与珍珠南路交汇处),爱涛天禧明庭项目规划建设13栋住宅,待售,,普通住宅,(31条评论)
金鼎湾如院,[鼓楼] 中山北路279号(虹桥中心旁),2居/ 3居/ 4居,待售,价格待定,普通住宅,(27条评论)
江宁G48地块,[江宁] 永欣大道与湖泰路交汇处,江宁G48地块目前正在建设中,待售,价格待定,普通住宅,(17条评论)
星叶枫庭项目,[江宁] 麒麟街道泰盈路与宁杭公路交汇处,星叶枫庭项目配建一所12班的幼儿园,待售,,普通住宅,(19条评论)
东原地产地块,[建邺] 燕山路98号(燕山路余与集庆门大街交汇处...,东原地产地块被东原以楼面价约为20100元/平方,待售,价格待定,普通住宅,(19条评论)
高科紫微堂项目,[栖霞] 仙林大道与经天路交汇处(经天路地铁站南...,4居/ 5居/ 5居以上 － 153~656平米,待售,价格待定,普通住宅,(10条评论)
保利云禧项目,[浦口] 建设路与巩固路交汇处(地铁10号线雨山路...,保利云禧项目预计6月首开,待售,价格待定,普通住宅,(18条评论)
江山荟项目,[浦口] 南京海峡两岸科技工业园海桥路与杨柳路...,3居/ 4居 － 78~136平米,待售,价格待定,自住型商品房,(24条评论)
星叶欢乐城项目,[雨花] 现状道路与乔家庄组集体土地交汇处,星叶欢乐城项目容积率3.23,待售,价格待定,普通住宅,(18条评论)
云栖山庄,[江宁] 汤山街道阳明路99号,5居/ 5居以上 － 260~440平米,待售,价格待定,别墅,(16条评论)
熙悦,[江宁] 江宁区麒麟科技创新园中心地区8-3,2居/ 3居 － 89~105平米,待售,价格待定,普通住宅,(11条评论)
河西G12G13地块,[建邺] 平良大街与元前路交汇处,河西G12G13地块价格待定,待售,价格待定,普通住宅,(10条评论)
融侨观澜项目,[江宁] 东山街道天赐路与万安北路交汇处,融侨观澜项目预计后期首开5#房源,待售,价格待定,普通住宅,(2条评论)
五矿澜悦方山居项目,[江宁] 高新园学十二路与务实路交汇处,五矿澜悦方山居项目预计6月份公开售楼处,待售,价格待定,普通住宅,(11条评论)
葛洲坝融创紫郡府,[江宁] 双龙大道与云台山河路交汇处,葛洲坝融创南京紫郡府尚未开盘,待售,价格待定,普通住宅,(3条评论)
荣盛锦绣澜山项目,[浦口] 泰冯路和富康南路交汇处,3居/ 4居 － 85~130平米,待售,价格待定,普通住宅,(15条评论)
旭辉G54地块,[江宁] 栖隐路与学林东路交汇处,旭辉G54地块由银城、旭辉联手打造,待售,,联排,(17条评论)
荣盛隽峰项目,[江宁] 江苏软件园科技大道与研发二路交汇处,荣盛隽峰项目目前正在建设中,待售,价格待定,普通住宅,(23条评论)
银城旭辉云臺天境项目,[江宁] 苏源大道和云台山河路交汇处,银城G56地块价格待定,待售,价格待定,普通住宅,(1条评论)
融信世纪东方项目,[栖霞] 经天路与广志路交汇处(南京大学仙林分校...,2居 － 88~124平米,待售,价格待定,普通住宅,(6条评论)
碧桂园中天﹒东方骏庭项目,仙林大道与宝华大道交界处,2居/ 3居/ 4居 － 85~130平米,待售,,普通住宅,(15条评论)
红豆香江华庭项目,[江宁] 禄口街道禄口大街与永欣大道交汇处,红豆香江华庭项目已公开售楼处,待售,价格待定,普通住宅,(16条评论)
绿城奥东南项目,[雨花] 西善桥街道单家村街与岱山南路交汇处,绿城奥东南项目出让年限住宅70年,待售,价格待定,普通住宅,(2条评论)
鲁能硅谷公馆项目,[江宁] 弘利路与锦文路交汇处,鲁能硅谷公馆的售楼处已经建设完毕,待售,,普通住宅,(10条评论)
宝华桃李春风项目,句容市宝华镇杨柳泉路与沪霍线交汇处,宝华桃李春风项目价格待定,待售,价格待定,别墅,(14条评论)
通宇林景蘭园项目,[浦口] 顶山街道七里桥北路西侧3号,2居/ 3居 － 89~120平米,待售,价格待定,普通住宅,(15条评论)
明发桃源香颂项目,滁州市全椒县港口路与内环南路交汇处,2居/ 3居/ 4居/ 5居/ 5居以上 － 82~255平米,待售,价格待定,联排,(10条评论)
明发桃源公馆项目,滁州市全椒县吴敬梓路与大石潭路交汇处,3居 － 88~122平米,待售,价格待定,普通住宅,(10条评论)
通宇林语山墅项目,[浦口] 江浦街道七里路与沿山大道交汇处,5居以上 － 413~533平米,待售,价格待定,别墅,(11条评论)
云湖山庄项目,常州市金坛市宜庄路y417(薛埠镇仙姑村),云湖山庄项目价格待定,待售,6000元/㎡,别墅,(9条评论)
碧桂园龙山源著项目,句容市恒通路与s122省道交汇处(龙山湖高...,碧桂园龙山源著项目价格待定,待售,价格待定,别墅,(9条评论)
华侨城欢乐滨江项目,[建邺] 龙王大街与扬子江大道交汇处,华侨城欢乐滨江项目预计近期加推,待售,价格待定,普通住宅,(16条评论)
贝克湾项目,[江宁] 端拱路与至道路交汇处,3居/ 4居 － 90~125平米,待售,价格待定,普通住宅,(3条评论)
锦隆御山墅项目,句容市宝华山森林公园北门对面,3居/ 5居 － 246~360平米,待售,价格待定,别墅,(7条评论)
皖投碧湖云溪,滁州市南谯区洪武东路与滁宁大道交汇处,3居/ 4居 － 97~122平米,待售,价格待定,联排,(5条评论)
弘阳·时光山湖项目,[六合] 南京六合金牛湖街道纬二路与经八路交汇...,弘阳·时光山湖项目规划建设5栋小高层,待售,价格待定,普通住宅,(19条评论)
金太阳阳光城,安徽省滁州市来安县汊河新区宁北路9号,金太阳阳光城后期会有加推,待售,,普通住宅,(9条评论)
美的雍翠园,[江宁] 南京市江宁区横溪街道吴楚西路与横云北...,美的雍翠园共规划19栋住宅,待售,价格待定,普通住宅,(5条评论)
碧桂园·北站华府项目,滁州汊河新区104国道旁,碧桂园·北站华府项目价格待定,待售,价格待定,普通住宅,(3条评论)
香江黄金时代项目,滁州市来安县汊河镇104国道与长江路交汇...,2居/ 3居 － 84~109平米,待售,价格待定,普通住宅,(3条评论)
扬子江金茂悦项目,[浦口] 七里河大街与九袱州路交汇处,3居 － 90~115平米,待售,,普通住宅,(3条评论)
泰禾金尊府项目,句容市仙林东路与和平路交汇处向南300米,泰禾金尊府项目总建筑用地面积超过10.4万平米,待售,价格待定,普通住宅,(1条评论)
中海滨江U-LIVE项目,[鼓楼] 新兴路与复兴街交汇处,2居/ 3居 － 50~79平米,待售,价格待定,住宅型公寓,(3条评论)
东城金茂悦II期,[江宁] 天环路、环镇东路交汇处,3居 － 89~119平米,待售,,普通住宅,(3条评论)
金奥费尔蒙公寓,[建邺] 江东中路333号(江东中路与河西大街交汇...,1居/ 2居/ 3居,出租,价格待定,商住楼,(107条评论)
明发城市广场,[浦口] 珍珠南路2号(浦口服装城旁边),明发城市广场22#整层或半层出售,在售,价格待定,购物中心,(17条评论)
中山路99号,[鼓楼] 中山路99号(南京华夏大厦对面),中山路99号目前在售35000元/平办公房源,在售,价格待定,写字楼商铺,(68条评论)
南京金融城,[建邺] 江东中路与雨润大街交汇处,南京金融城目前在售办公房源，位于2、4#,在售,39000元/㎡,写字楼商铺,(19条评论)
南京雨花广场,[六合] 横梁街道石源路15号,2居,在售,13000元/㎡,住宅底商,(16条评论)
富力水街坊,[江宁] 麒麟科技创新园东麒路666号,1居/ 2居 － 46平米,在售,35000元/㎡,住宅底商,(19条评论)
金轮星立方,[雨花] 南京高铁南站北广场东侧(高铁北售楼处旁...,金轮星立方在售120-190平商铺,在售,21000元/㎡,写字楼商铺,(23条评论)
中南棉花塘,[江宁] 空港枢纽经济区越秀路和乾清路交汇处,中南棉花塘在售商铺房源,在售,12000元/㎡,购物中心,(4条评论)
南京紫合国际广场项目,[秦淮] 太平南路278号(太平南路与小火瓦巷交汇...,南京紫合国际广场项目具体上市时间待定,待售,15000元/㎡,购物中心,(30条评论)
南京五洲星世纪商贸城,[溧水] 交通东路8号,南京五洲星世纪商贸城交通便利,待售,20000元/㎡,写字楼商铺,(21条评论)
福中智慧城,[浦口] 新城望江路1号,2居/ 3居/ 4居,待售,19000元/㎡,住宅底商,(16条评论)
苏宁睿城·慧谷中心,[鼓楼] 汉中门大街301号(清江路与集庆门大街交...,苏宁睿城·慧谷中心在售25000/平挑高,在售,价格待定,标准写字楼,(72条评论)
万和尊邸,[鼓楼] 中央路70号,万和尊邸目前在售23000元/平公寓办公两用房源,在售,,标准写字楼,(49条评论)
金奥缤润汇,[建邺] 楠溪江东街81-85号,2居/ 3居/ 4居,在售,23000元/㎡,LOFT,(50条评论)
汤城东郡广场,[江宁] 汤山新城圣汤大道1号(汤山公馆对面),1居 － 40~57平米,在售,40000元/㎡,商住公寓,(31条评论)
苏宁名都花园,[栖霞] 和燕路东侧合班村69号(迈皋桥国土资源所...,苏宁名都花园在售51-59平公寓,在售,14000元/㎡,酒店式公寓,(24条评论)
凤凰和睿大厦,[秦淮] 太平南路与白下路交界处,1居,在售,,标准写字楼,(33条评论)
升龙汇金中心,[建邺] 江东南路与江山大街交汇处,1居 － 55平米,在售,16800元/㎡,商住公寓,(114条评论)
南京越洋国际商务中心,[鼓楼] 清江南路(苏宁睿城旁),南京越洋国际商务中心在售3.55米写字楼房源,在售,23000元/㎡,标准写字楼,(31条评论)
证大喜玛拉雅中心,[雨花] 金阳东街(南京南站南广场旁),1居 － 56平米,在售,,酒店写字楼,(39条评论)
汇泽中心,[溧水] 宝塔路99号中山河南,2居/ 3居,在售,25000元/㎡,酒店式公寓,(42条评论)
东山国际滨河街区,[江宁] 东山街道上元大街155号(滨河路武夷花园...,1居,在售,22000元/㎡,酒店式公寓,(18条评论)
Free-自由度,[江宁] 天禄大道139号,Free-自由度在售40年产权公寓,在售,20000元/㎡,酒店式公寓,(15条评论)
MAX科技园(南京·源筑),[江宁] 龙眠大道568号(南京生命科技小镇内),MAX科技园在售写字楼均价15800元/㎡,在售,13500元/㎡,标准写字楼,(8条评论)
元枫国际,[江宁] 胜利路99号,元枫国际目前在售B#写字楼,在售,40000元/㎡,标准写字楼,(5条评论)
世茂城品国际广场,[雨花] 安德门大街与宁双路交汇处,世茂城品国际广场在售19000元/平甲级办公房源,在售,9000元/㎡,标准写字楼,(3条评论)
Mix悦享家,[江宁] 南京南站宏运大道1468号,Mix悦享家主力户型50㎡,在售,15800元/㎡,酒店式公寓,
沣麟公园壹号,[江宁] 江宁区智汇路267号,沣麟公园壹号于5月4日首开于1、2#,在售,16000元/㎡,酒店式公寓,(1条评论)
南京环球贸易广场,[建邺] 河西大街与江东路交汇处,南京环球贸易广场规划3座高层楼栋,待售,19000元/㎡,标准写字楼,(29条评论)
凯旋城广场,[建邺] 江东中路219号(梦都大街与江东中路交汇...,凯旋城广场8层以下写字楼200平起租,待售,23000元/㎡,标准写字楼,(19条评论)
康缘智汇港,[建邺] 泰山路与嘉陵江东街交汇处,康缘智汇港靠近地铁10号线中胜站,待售,22500元/㎡,标准写字楼,(24条评论)
绿地紫金中心项目,[鼓楼] 湖南路与中山北路交汇处(狮子桥正对面),绿地紫金中心项目预计近期首开层高3.4米公寓,待售,价格待定,普通住宅,(5条评论)
正荣滨江紫阙项目,[建邺] 吴侯街和邺城路交汇处,正荣滨江紫阙目前尚未开盘,待售,,标准写字楼,(2条评论)
御珑湾理想城,[六合] 雄州东路85号(六合龙湖天街对面),御珑湾理想城公寓房源待加推,待售,价格待定,酒店写字楼,(1条评论)
正太中心,[建邺] 南京市建邺区新安江街和泰山路交汇处,正太中心项目目前尚未开盘,待售,价格待定,酒店写字楼,(1条评论)
首建中心项目,[秦淮] 太平南路与马府西街交汇处,首建中心项目价格待定,待售,价格待定,购物中心,
南京中建大厦项目,[栖霞] 文澜路与文范路交汇处(文澜路以东 文范...,南京中建大厦中建工业开发建设,出租,,标准写字楼,(18条评论)
花样年喜年中心,[鼓楼] 中央门外河路道1号(东门前路与中央北路...,1居/ 2居 － 55~65平米,在售,,购物中心,(105条评论)
顾家欧亚达商业广场,[溧水] 秦淮大道301号,顾家欧亚达商业广场在售商铺房源,在售,22000元/㎡,购物中心,(22条评论)
万宇汽车五金博览中心,[江宁] 高新园g104国道旁,万宇汽车五金博览中心在售100-200平商铺,在售,19000元/㎡,市场类商铺,(9条评论)
葛洲坝招商紫郡蘭园,[鼓楼] 安怀村路与安怀东路交汇处,3居/ 4居,在售,15000元/㎡,购物中心,(16条评论)
湖南路商业街区,[鼓楼] 湖南路47号凤凰台饭店,湖南路商业街西起山西路市民广场,在售,,购物中心,
金盛财智广场,[鼓楼] 建宁路31号,1居,待售,37800元/㎡,写字楼商铺,(32条评论)
世茂君望墅,[秦淮] 双麒路与石杨路交汇处,世茂君望墅地处生态环境月牙湖片区,待售,80000元/㎡,住宅底商,(4条评论)
德基世贸壹号,[建邺] 庐山路208号,4居 － 275~333平米,在售,,酒店式公寓,(28条评论)
南京院子,[秦淮] 中山南路501号,南京院子目前在售部分商铺,在售,价格待定,酒店写字楼,(40条评论)
南京金奥中心,[建邺] 江东中路333号,南京金奥中心在售38000元/平写字楼,在售,价格待定,标准写字楼,(20条评论)
汤城汇,[江宁] 汤山国际温泉城圣汤大道9号,2居 － 45平米,在售,37000元/㎡,商住公寓,(35条评论)
明发悦庭,[浦口] 七瑶路7号,2居/ 3居 － 43~57平米,在售,80000元/㎡,酒店写字楼,(47条评论)
明发新城中心,[浦口] 江浦街道浦口大道37号(浦口大道与新浦路...,1居/ 2居/ 3居 － 57~81平米,在售,38000元/㎡,酒店式公寓,(31条评论)
翠屏水晶广场,[栖霞] 新港大道88号(尧新大道和新港大道交汇处...,1居/ 2居/ 4居 － 33~66平米,在售,18000元/㎡,商住楼,(21条评论)
南京麒麟智慧园,[江宁] 麒麟科技创园窦村街5号,南京麒麟智慧园在售写字楼,租售,18000元/㎡,标准写字楼,(8条评论)
星智汇商务花园,[浦口] 高新区星火路与东大路交汇处,1居 － 550平米,在售,25000元/㎡,酒店写字楼,(8条评论)
绿地缤纷广场,[鼓楼] 中央北路与幕府东路交汇处(地铁3号线五...,1居/ 2居 － 30~60平米,在售,15151元/㎡,标准写字楼,(9条评论)
九霄梦天地项目,[栖霞] 学衡路1号,1居 － 50平米,在售,12000元/㎡,标准写字楼,(12条评论)
融创精彩天地,[鼓楼] 黄家圩路和红山南路交汇处(南京火车站北...,融创精彩天地目前在售120-450平商铺,在售,10800元/㎡,标准写字楼,(11条评论)
苏宁紫金嘉悦,[玄武] 玄武区徐庄软件园(紫金(玄武)科创特别社...,1居 － 30~55平米,在售,24000元/㎡,标准写字楼,(19条评论)
复地宴南都,[秦淮] 汇景北路与卡子门大街交汇处,1居/ 2居/ 3居/ 4居 － 28~50平米,在售,,商住楼,(83条评论)
橡树城,[溧水] 经济开发区红光东路8号,2居/ 3居,在售,28000元/㎡,普通住宅,(121条评论)
东方兰园,[栖霞] 经五路与迈化路交汇处,1居/ 2居/ 3居 － 32平米,在售,10640元/㎡,普通住宅,(304条评论)
恒大翡翠华庭,[玄武] 红山街道华飞路(网板路与北苑东路交汇处...,3居/ 4居/ 5居 － 226平米,在售,45000元/㎡,普通住宅,(190条评论)
尚峰尚水,[浦口] 汤泉街道林庄路与江星桥线交汇处,2居/ 3居/ 4居/ 5居/ 5居以上 － 180~540平米,在售,,别墅,(59条评论)
中电颐和府邸,[栖霞] 华电路1号(华电路与言和路交汇处),1居/ 2居/ 3居/ 4居 － 43平米,在售,32000元/㎡,商住楼,(111条评论)
明发珠江国际,[浦口] 江浦二中北侧城南河5号,3居 － 104~117平米,在售,470万元/套,普通住宅,(39条评论)
首创立方,[建邺] 地铁二号线天迈广场油坊桥站,1居/ 2居/ 3居/ 4居 － 45~52平米,在售,,商住楼,(85条评论)
朗诗青春街区,[江宁] 来凤路18号(禄口派出所对面),3居/ 4居,在售,20000元/㎡,普通住宅,(484条评论)
南京滨江总部基地商务区,[鼓楼] 下燕路与宝塔桥东街交汇处,南京滨江总部基地商务区靠近地铁3号线上元门站,在售,23500元/㎡,总部园区,(45条评论)
海尔双湖壹号公馆,[高淳] 南京市高淳区双湖路1号,2居/ 3居/ 4居/ 5居以上 － 103~124平米,在售,19000元/㎡,联排,(239条评论)
中南世纪雅苑,[栖霞] 马群街道土城头路和天和路交汇处,1居/ 2居/ 3居/ 4居 － 38~48平米,在售,29000元/㎡,普通住宅,(553条评论)
花样年花样城,[高淳] 双高路50号(双高路与桃园路交汇处),3居/ 4居 － 131平米,在售,16200元/㎡,普通住宅,(100条评论)
保利西江月,[浦口] 城南河路与横江大道交汇处(南京青奥体育...,3居/ 4居,在售,8000元/㎡,普通住宅,(113条评论)
朗诗未来家,[江宁] 街道润寿北路1115号,1居/ 2居/ 3居,在售,20000元/㎡,商住楼,(251条评论)
深业滨江半岛,[鼓楼] 龙江路30号(龙江路与江边路交汇处),1居/ 2居/ 3居/ 4居/ 5居 － 133~362平米,在售,8450元/㎡,普通住宅,(57条评论)
大发融悦,[玄武] 江苏省农业科学院和双拜岗路交汇处,2居/ 3居,在售,45000元/㎡,普通住宅,(49条评论)
弘阳爱上城,[浦口] 泰山街道开源路与兴泰路交汇处,2居/ 3居/ 4居,在售,23000元/㎡,普通住宅,(51条评论)
中交锦致,[雨花] 明城大道与宏运大道交汇处,3居/ 4居,在售,38780元/㎡,普通住宅,(22条评论)
紫艺华府,[六合] 葛唐街道新城横二路与松杨路交汇处,3居/ 4居,在售,35000元/㎡,普通住宅,(54条评论)
力标赞城,[浦口] 江浦街道台南路10号(花莲路和荣庄路交汇...,2居/ 3居 － 72~102平米,在售,15000元/㎡,普通住宅,(94条评论)
电建洺悦府,[栖霞] 迈尧路611号(迈尧路与恒竞路交汇处),3居/ 4居 － 105~130平米,在售,25800元/㎡,普通住宅,(52条评论)
大华锦绣时代,[浦口] 沿江街道浦洲路与南浦路交叉处,3居 － 88~108平米,在售,,普通住宅,(29条评论)
三金鑫宁府,[浦口] 江淼路与珠泉西路交汇处,3居/ 4居/ 5居 － 103~152平米,在售,19599元/㎡,普通住宅,(22条评论)
梁台煦府,[江宁] 湖熟街道润湖大道398号,2居/ 3居/ 4居/ 5居以上 － 130~316平米,在售,22018元/㎡,联排,(52条评论)
弘阳禹洲时光春晓,[江宁] 淳化街道东月桥路与雁冲路交汇处,3居/ 4居 － 83~108平米,在售,21380元/㎡,普通住宅,(19条评论)
中骏融信雍景台,[江宁] 信诚大道与建设路的交汇处,3居 － 100平米,在售,25600元/㎡,商住楼,(17条评论)
江山汇悦山府,[鼓楼] 燕江路201号,2居/ 3居/ 4居 － 79~139平米,在售,11062元/㎡,普通住宅,(24条评论)
瑞安翠湖山,[江宁] 牛首大道121号(绕城高速以南),3居/ 4居/ 5居 － 238~440平米,在售,23700元/㎡,别墅,(49条评论)
亚泰梧桐世家,[六合] 沿江工业开发区润富路666号(中山科技园...,2居/ 3居,在售,21697元/㎡,普通住宅,(148条评论)
明发香山郡,[浦口] 大马山路6号(沿山大道与财八路交叉口),3居/ 4居 － 114~128平米,在售,33500元/㎡,普通住宅,(108条评论)
南京九间堂,[江宁] 康厚街10号,5居以上 － 661~1282平米,在售,480万元/套,别墅,(44条评论)
嘉誉山,[栖霞] 兴贤路19号,2居/ 3居 － 86~141平米,在售,11508元/㎡,普通住宅,(73条评论)
明发阅山悦府,[浦口] 江浦街道花卉大道与海都东路交汇处,3居/ 4居 － 101~161平米,在售,25098元/㎡,普通住宅,(56条评论)
高淳雅居乐花园,[高淳] 双高路与双湖南路交汇处(高淳体育中心东...,2居/ 3居/ 4居/ 5居 － 90~125平米,在售,2200万元/套,普通住宅,(124条评论)
荣盛鹭岛荣府,[六合] 马鞍街道鹭岛南路3号,2居/ 3居/ 4居/ 5居 － 85~225平米,在售,,普通住宅,(92条评论)
金象朗诗红树林,[浦口] 江山路6号(长江大桥北堡东侧),2居/ 3居/ 4居/ 5居 － 129~130平米,在售,11625元/㎡,普通住宅,(44条评论)
华侨城翡翠天域,[栖霞] 工农路与疏港大道交汇处,3居/ 4居 － 115~130平米,在售,27803元/㎡,普通住宅,(13条评论)
远洋山水,[江宁] 秣周西路33号,3居/ 4居/ 5居 － 143平米,在售,25500元/㎡,普通住宅,(160条评论)
御澜府,[浦口] 左所东路与泰山西路交汇处,3居/ 4居 － 90~141平米,在售,,普通住宅,(24条评论)
碧桂园S1秦淮世家,[溧水] 243省道与横山西路交汇处西北方,3居/ 4居/ 5居 － 265平米,在售,18500元/㎡,普通住宅,(51条评论)
秦淮源筑,[溧水] 溧水机场路与双塘路交汇处,2居/ 3居/ 4居 － 120~134平米,在售,25268元/㎡,普通住宅,(24条评论)
荣里,[浦口] 浦珠中路与定向河路交汇处,3居/ 4居 － 89~143平米,待售,,普通住宅,(87条评论)
溧水万达广场,[溧水] 崇文路与秦淮大道交汇处,1居/ 3居/ 4居,待售,12000元/㎡,普通住宅,(24条评论)
星悦城,[浦口] 星火路与汇贤路交汇处,1居/ 2居 － 35~45平米,在售,12000元/㎡,标准写字楼,(9条评论)
中骏六号街区,[江宁] 信诚大道与玉振路交汇处,2居/ 3居 － 40~70平米,在售,价格待定,LOFT,(7条评论)
融信城市之窗,[江宁] 双龙大道与吉印大道交汇处,融信城市之窗目前在售4.8米挑高公寓，位于4#,在售,价格待定,LOFT,(3条评论)
万江共和新城,[浦口] 浦珠北路139号(浦珠北路与新马路交汇处...,1居/ 2居/ 3居 － 86~132平米,在售,18000元/㎡,普通住宅,(80条评论)
佳源紫金华府,[玄武] 中山门大街和顾家营路交汇处(顾家营),2居/ 3居/ 4居/ 5居/ 5居以上 － 195~210平米,在售,13000元/㎡,独栋,(281条评论)
天泽苑,[江宁] 秣陵街道竹山路588号,2居/ 3居/ 4居/ 5居 － 128~189平米,在售,20000元/㎡,联排,(155条评论)
北江锦城,[浦口] 江浦街道雨山西路89号,2居/ 3居/ 4居/ 5居 － 90~311平米,在售,22805元/㎡,普通住宅,(450条评论)
卧龙湖小镇,[溧水] 卧龙湖大道1号,2居/ 3居/ 4居/ 5居/ 5居以上 － 141~222平米,在售,1100万元/套,别墅,(120条评论)
金基九月森林,[浦口] 江浦街道象山路29号(黄山岭路和沿山大道...,4居/ 5居/ 5居以上 － 310~624平米,在售,27951元/㎡,别墅,(67条评论)
融创玖溪桃花源,[江宁] 横溪街道甘泉湖社区长库,3居/ 4居/ 5居/ 5居以上 － 151~532平米,在售,24300元/㎡,合院,(31条评论)
星叶瑜憬湾,[栖霞] 迈皋桥大街网板路8号(北苑小区斜对面),2居/ 3居/ 4居 － 86~127平米,在售,14900元/㎡,普通住宅,(133条评论)

